Date;GME;KO;TSLA
16-08-2019;0,83;46,582249;14,662667
19-08-2019;0,845;46,82196;15,122
20-08-2019;0,855;46,128502;15,057333
21-08-2019;0,885;46,316845;14,722
22-08-2019;0,9675;46,650734;14,81
23-08-2019;0,9125;46,008644;14,093333
26-08-2019;0,955;46,693539;14,333333
27-08-2019;0,925;46,847649;14,272
28-08-2019;0,97;47,181534;14,372667
29-08-2019;1,0575;47,130169;14,780667
30-08-2019;0,9925;47,121609;15,040667
03-09-2019;0,9525;47,344204;15,000667
04-09-2019;0,995;47,74659;14,712
05-09-2019;1,0575;47,190102;15,305333
06-09-2019;1,0775;47,284275;15,163333
09-09-2019;1,19;46,676422;15,452667
10-09-2019;1,2725;46,573677;15,702667
11-09-2019;1,1475;46,89045;16,473333
12-09-2019;1,145;47,181534;16,391333
13-09-2019;1,1025;46,793465;16,346666
16-09-2019;1,0875;46,534744;16,187332
17-09-2019;1,0825;46,776218;16,319332
18-09-2019;1,15;46,767593;16,232668
19-09-2019;1,11;47,017685;16,440001
20-09-2019;1,175;46,491623;16,041332
23-09-2019;1,255;46,689983;16,082001
24-09-2019;1,2525;46,827961;14,880667
25-09-2019;1,3;46,715851;15,246667
26-09-2019;1,32;46,905575;16,170668
27-09-2019;1,335;46,836578;16,142
30-09-2019;1,38;46,948696;16,058001
01-10-2019;1,395;47,129795;16,312668
02-10-2019;1,33;45,775841;16,208668
03-10-2019;1,355;46,431252;15,535333
04-10-2019;1,3875;47,034931;15,428667
07-10-2019;1,3725;46,457123;15,848
08-10-2019;1,3075;46,207039;16,003332
09-10-2019;1,2475;46,422626;16,302
10-10-2019;1,2625;46,27602;16,316
11-10-2019;1,3425;45,965569;16,525999
14-10-2019;1,395;45,965569;17,130667
15-10-2019;1,4025;46,146671;17,192667
16-10-2019;1,47;46,129414;17,316668
17-10-2019;1,5075;46,388142;17,464666
18-10-2019;1,485;47,241913;17,129999
21-10-2019;1,4825;46,767593;16,9
22-10-2019;1,5975;46,43988;17,038668
23-10-2019;1,6075;47,121178;16,978666
24-10-2019;1,605;47,095303;19,978666
25-10-2019;1,5875;46,353642;21,875334
28-10-2019;1,5475;46,19841;21,847334
29-10-2019;1,4525;46,060421;21,081333
30-10-2019;1,4325;46,517498;21,000668
31-10-2019;1,36;46,940071;20,994667
01-11-2019;1,46;46,483002;20,887333
04-11-2019;1,4625;45,827579;21,164667
05-11-2019;1,4775;45,206657;21,148001
06-11-2019;1,5225;45,534374;21,771999
07-11-2019;1,555;45,094547;22,369333
08-11-2019;1,5225;45,025558;22,476
11-11-2019;1,505;44,706474;23,006001
12-11-2019;1,48;44,594357;23,328667
13-11-2019;1,485;45,198036;23,073999
14-11-2019;1,495;45,38776;23,290001
15-11-2019;1,47;45,422264;23,478001
18-11-2019;1,405;45,732727;23,332666
19-11-2019;1,375;45,775841;23,968
20-11-2019;1,365;45,896576;23,481333
21-11-2019;1,375;45,672356;23,655333
22-11-2019;1,415;45,732727;22,202667
25-11-2019;1,5075;45,896576;22,422667
26-11-2019;1,525;46,483002;21,927999
27-11-2019;1,5875;46,526123;22,086
29-11-2019;1,585;46,395798;21,996
02-12-2019;1,5425;46,699886;22,324667
03-12-2019;1,53;46,743324;22,413334
04-12-2019;1,6075;47,169064;22,202
05-12-2019;1,6;47,082176;22,024668
06-12-2019;1,67;47,282005;22,392668
09-12-2019;1,5825;46,977917;22,635332
10-12-2019;1,6275;46,71727;23,256001
11-12-2019;1,3825;46,87365;23,513332
12-12-2019;1,395;47,038738;23,978666
13-12-2019;1,3625;47,282005;23,892668
16-12-2019;1,375;47,282005;25,433332
17-12-2019;1,515;47,282005;25,266001
18-12-2019;1,54;46,838905;26,209999
19-12-2019;1,515;47,195118;26,936001
20-12-2019;1,4975;47,759872;27,039333
23-12-2019;1,4025;47,707741;27,948
24-12-2019;1,36;47,53397;28,35
26-12-2019;1,35;47,803314;28,729334
27-12-2019;1,475;48,090027;28,691999
30-12-2019;1,5325;48,020515;27,646667
31-12-2019;1,52;48,090027;27,888666
02-01-2020;1,5775;47,777248;28,684
03-01-2020;1,47;47,51659;29,534
06-01-2020;1,4625;47,499214;30,102667
07-01-2020;1,38;47,1343;31,270666
08-01-2020;1,43;47,221188;32,809334
09-01-2020;1,3875;48,081326;32,089333
10-01-2020;1,3575;48,246414;31,876667
13-01-2020;1,3575;48,767708;34,990665
14-01-2020;1,1775;48,654774;35,861332
15-01-2020;1,1525;49,262951;34,566666
16-01-2020;1,155;49,36721;34,232666
17-01-2020;1,1875;49,471474;34,033333
21-01-2020;1,1475;49,671314;36,48
22-01-2020;1,14;50,053596;37,970669
23-01-2020;1,155;50,244736;38,146667
24-01-2020;1,08;50,114407;37,654667
27-01-2020;1,07;49,940639;37,201332
28-01-2020;1,0525;49,532295;37,793331
29-01-2020;1,0325;49,532295;38,732666
30-01-2020;0,9825;51,139645;42,720669
31-01-2020;0,96;50,739975;43,371334
03-02-2020;0,9875;50,89637;52
04-02-2020;1,0175;51,122261;59,137333
05-02-2020;1,045;51,130947;48,98
06-02-2020;1,035;51,252583;49,930668
07-02-2020;0,9525;51,42635;49,871334
10-02-2020;0,985;51,912895;51,418667
11-02-2020;1,005;51,77388;51,625332
12-02-2020;1,0475;51,617485;51,152668
13-02-2020;1,0275;51,79126;53,599998
14-02-2020;1,005;52,086666;53,335335
18-02-2020;1,015;51,721748;57,226665
19-02-2020;1,0375;51,930271;61,161331
20-02-2020;1,035;51,886837;59,960667
21-02-2020;1,01;52,243061;60,066666
24-02-2020;0,925;50,957184;55,585999
25-02-2020;0,89;50,23605;53,327332
26-02-2020;0,8475;50,044899;51,919998
27-02-2020;0,8675;47,725113;45,266666
28-02-2020;0,9;46,473984;44,532665
02-03-2020;0,9575;48,585258;49,574669
03-03-2020;0,9075;48,706898;49,700668
04-03-2020;0,9425;51,191765;49,966667
05-03-2020;0,99;49,297707;48,302666
06-03-2020;0,98;48,011833;46,898666
09-03-2020;0,925;45,057789;40,533333
10-03-2020;1,0575;46,621693;43,021999
11-03-2020;1,035;45,361885;42,282001
12-03-2020;0,995;40,974266;37,369999
13-03-2020;1,1475;42,481773;36,441334
16-03-2020;1,0925;39,668346;29,671333
17-03-2020;1,0575;41,351139;28,68
18-03-2020;0,9425;39,308998;24,081333
19-03-2020;1,0475;36,662106;28,509333
20-03-2020;0,94;33,568218;28,502001
23-03-2020;0,9525;32,919636;28,952667
24-03-2020;1,04;34,576145;33,666668
25-03-2020;1,0425;36,469288;35,950001
26-03-2020;1,1025;38,818184;35,210667
27-03-2020;1,055;37,52103;34,290668
30-03-2020;0,9125;39,440475;33,475334
31-03-2020;0,875;38,783127;34,933334
01-04-2020;0,8125;36,916283;32,104
02-04-2020;0,7125;38,520191;30,298
03-04-2020;0,7;38,41502;32,000668
06-04-2020;0,7725;40,904152;34,416
07-04-2020;0,8175;40,763916;36,363335
08-04-2020;0,8525;41,912071;36,589333
09-04-2020;0,9725;42,946285;38,200001
13-04-2020;1,185;41,132027;43,396667
14-04-2020;1,4875;42,876167;47,326
15-04-2020;1,3175;41,72802;48,655334
16-04-2020;1,2575;41,281029;49,680668
17-04-2020;1,22;42,122417;50,259335
20-04-2020;1,4025;40,781448;49,757332
21-04-2020;1,195;39,773529;45,781334
22-04-2020;1,2225;40,036461;48,807335
23-04-2020;1,175;39,501816;47,042
24-04-2020;1,1925;39,817348;48,343334
27-04-2020;1,455;41,000565;53,25
28-04-2020;1,41;40,965504;51,274666
29-04-2020;1,51;41,298557;53,367332
30-04-2020;1,4325;40,220512;52,125332
01-05-2020;1,5125;39,966347;46,754665
04-05-2020;1,37;39,563171;50,745998
05-05-2020;1,3475;39,79105;51,214001
06-05-2020;1,2325;39,221352;52,172001
07-05-2020;1,2175;39,089882;52,002666
08-05-2020;1,245;40,413338;54,627998
11-05-2020;1,19;39,913757;54,085999
12-05-2020;1,135;39,282703;53,960667
13-05-2020;1,0525;38,511425;52,730667
14-05-2020;1,0325;38,301075;53,555332
15-05-2020;1,055;37,915443;53,278
18-05-2020;1,145;39,414181;54,242001
19-05-2020;1,11;39,0373;53,867332
20-05-2020;1,1075;40,220512;54,370667
21-05-2020;1,11;39,58947;55,173332
22-05-2020;1,045;39,466763;54,458668
26-05-2020;1,105;40,395809;54,591331
27-05-2020;1,1725;40,956734;54,681999
28-05-2020;1,0825;41,272259;53,720669
29-05-2020;1,015;40,912918;55,666668
01-06-2020;1,0325;41,184612;59,873333
02-06-2020;1,045;41,105736;58,770668
03-06-2020;1,11;41,982193;58,863998
04-06-2020;1,1175;41,99971;57,625332
05-06-2020;1,035;43,025166;59,043999
08-06-2020;1,2525;43,691269;63,327999
09-06-2020;1,24;42,946285;62,711334
10-06-2020;1,2675;42,613232;68,33667
11-06-2020;1,0925;39,913757;64,856003
12-06-2020;1,18;40,32943;62,352001
15-06-2020;1,1725;40,948524;66,059998
16-06-2020;1,16;41,364193;65,475334
17-06-2020;1,19;41,196167;66,119331
18-06-2020;1,2375;41,558773;66,930664
19-06-2020;1,22;40,700882;66,726669
22-06-2020;1,2175;40,453251;66,288002
23-06-2020;1,2075;40,364807;66,785332
24-06-2020;1,1025;39,489231;64,056664
25-06-2020;1,115;39,73687;65,732002
26-06-2020;1,0875;38,534065;63,982666
29-06-2020;1,095;39,232754;67,290001
30-06-2020;1,085;39,515766;71,987335
01-07-2020;1,11;39,639587;74,641998
02-07-2020;1,0725;39,692654;80,577332
06-07-2020;1,06;40,002197;91,438667
07-07-2020;1,0225;39,984512;92,657333
08-07-2020;1,065;39,860687;91,05867
09-07-2020;1,0525;38,834766;92,952003
10-07-2020;1,085;39,931446;102,976669
13-07-2020;1,065;40,01989;99,804001
14-07-2020;1,02;40,568233;101,120003
15-07-2020;1,0475;41,036964;103,067329
16-07-2020;1,0425;40,815861;100,042664
17-07-2020;0,99;41,408417;100,056
20-07-2020;0,9625;40,789326;109,533333
21-07-2020;1,0025;41,744507;104,557335
22-07-2020;1,0275;42,87656;106,155334
23-07-2020;1,0275;42,699673;100,87133
24-07-2020;1,0075;42,885395;94,466667
27-07-2020;1,0025;42,87656;102,639999
28-07-2020;0,985;42,611229;98,432671
29-07-2020;1,015;42,469727;99,940666
30-07-2020;1,025;42,177864;99,166
31-07-2020;1,0025;41,779877;95,384003
03-08-2020;1,0375;40,948524;99
04-08-2020;1,1075;41,293453;99,133331
05-08-2020;1,1575;41,762188;99,001335
06-08-2020;1,1075;41,99213;99,305336
07-08-2020;1,04;42,275154;96,847336
10-08-2020;1,0825;42,204407;94,571335
11-08-2020;1,0875;42,390129;91,625999
12-08-2020;1,13;42,832336;103,650665
13-08-2020;1,16;42,788113;108,066666
14-08-2020;1,1875;42,850021;110,047333
17-08-2020;1,1575;42,637756;122,375999
18-08-2020;1,2025;42,82349;125,806
19-08-2020;1,18;41,894855;125,235336
20-08-2020;1,1525;41,877163;133,455338
21-08-2020;1,2575;41,815254;136,665329
24-08-2020;1,2175;42,425507;134,279999
25-08-2020;1,245;42,372433;134,889328
26-08-2020;1,2775;42,593544;143,544662
27-08-2020;1,3125;42,655441;149,25
28-08-2020;1,3475;44,070522;147,559998
31-08-2020;1,67;43,805183;166,106674
01-09-2020;1,9125;43,442581;158,350006
02-09-2020;1,9275;45,273327;149,123337
03-09-2020;1,955;44,64539;135,666672
04-09-2020;1,9125;45,140663;139,440002
08-09-2020;1,925;44,05283;110,07
09-09-2020;1,8375;44,388901;122,09333
10-09-2020;1,5575;44,220867;123,779999
11-09-2020;1,5225;45,158356;124,239998
14-09-2020;1,7275;45,211849;139,873337
15-09-2020;1,7725;45,51498;149,919998
16-09-2020;2,17;45,283169;147,253326
17-09-2020;2,3;45,069191;141,143326
18-09-2020;2,3675;44,980034;147,383331
21-09-2020;2,1875;43,76749;149,796661
22-09-2020;2,64;44,275692;141,410004
23-09-2020;2,51;42,982903;126,786667
24-09-2020;2,285;43,419777;129,263336
25-09-2020;2,505;43,437607;135,779999
28-09-2020;2,5225;43,936886;140,399994
29-09-2020;2,5875;43,615921;139,690002
30-09-2020;2,55;44,017132;143,003326
01-10-2020;2,4425;43,847733;149,386673
02-10-2020;2,3475;44,008217;138,363327
05-10-2020;2,365;44,026054;141,893326
06-10-2020;2,2825;43,633759;137,993332
07-10-2020;2,34;44,186535;141,766663
08-10-2020;3,3725;44,988949;141,973328
09-10-2020;3,005;45,301014;144,666672
12-10-2020;2,95;45,550648;147,433334
13-10-2020;2,97;44,774975;148,883331
14-10-2020;3,0625;44,685806;153,766663
15-10-2020;3,4575;44,569912;149,626663
16-10-2020;3,3275;44,605572;146,556671
19-10-2020;3,4775;44,240025;143,610001
20-10-2020;3,465;44,801716;140,646667
21-10-2020;3,525;44,569912;140,880005
22-10-2020;3,7275;45,185097;141,929993
23-10-2020;3,75;45,042446;140,210007
26-10-2020;3,3625;44,400505;140,093338
27-10-2020;3,1725;44,489677;141,559998
28-10-2020;2,955;42,760014;135,339996
29-10-2020;2,9325;42,813503;136,943329
30-10-2020;2,6175;42,849163;129,346664
02-11-2020;2,6875;43,348454;133,503326
03-11-2020;2,8925;43,999298;141,300003
04-11-2020;2,7275;43,83881;140,32666
05-11-2020;2,8625;44,07954;146,029999
06-11-2020;2,965;44,088459;143,316666
09-11-2020;2,8725;46,870178;140,419998
10-11-2020;2,775;48,127296;136,786667
11-11-2020;2,9375;47,770672;139,043335
12-11-2020;2,7825;47,262474;137,253326
13-11-2020;2,7525;47,654762;136,166672
16-11-2020;3,015;48,011395;136,029999
17-11-2020;2,9075;47,859825;147,203339
18-11-2020;2,8925;46,905846;162,213333
19-11-2020;3,115;47,369453;166,42334
20-11-2020;3,1775;46,959335;163,203339
23-11-2020;3,475;46,968246;173,949997
24-11-2020;3,4175;47,449707;185,126663
25-11-2020;3,6875;47,191147;191,333328
27-11-2020;4,02;46,986084;195,253326
30-11-2020;4,14;46,366066;189,199997
01-12-2020;3,95;46,761452;194,919998
02-12-2020;4,145;46,824341;189,606674
03-12-2020;4,03;47,426384;197,793335
04-12-2020;4,225;48,387848;199,679993
07-12-2020;4,0875;47,615078;213,919998
08-12-2020;4,235;47,785801;216,626663
09-12-2020;3,415;47,920593;201,493332
10-12-2020;3,53;47,668991;209,023331
11-12-2020;3,3275;47,93856;203,330002
14-12-2020;3,18;47,86668;213,276672
15-12-2020;3,4625;48,378853;211,083328
16-12-2020;3,4625;47,677982;207,589996
17-12-2020;3,7075;47,86668;218,633331
18-12-2020;3,9075;48,289013;231,666672
21-12-2020;3,8825;47,453339;216,619995
22-12-2020;4,865;47,408405;213,446671
23-12-2020;5,1425;47,69595;215,32666
24-12-2020;5,0375;48,019432;220,589996
28-12-2020;5,2475;48,666397;221,229996
29-12-2020;4,845;48,63945;221,996674
30-12-2020;4,815;48,918007;231,593338
31-12-2020;4,71;49,277428;235,223328
04-01-2021;4,3125;47,408405;243,256668
05-01-2021;4,3425;46,887241;245,036667
06-01-2021;4,59;45,395622;251,993332
07-01-2021;4,52;44,892426;272,013336
08-01-2021;4,4225;45,898815;293,339996
11-01-2021;4,985;45,108074;270,396667
12-01-2021;4,9875;45,027206;283,146667
13-01-2021;7,85;45,072132;284,803345
14-01-2021;9,9775;44,236465;281,666656
15-01-2021;8,875;43,76022;275,386658
19-01-2021;9,84;43,589493;281,516663
20-01-2021;9,78;43,742252;283,483337
21-01-2021;10,7575;43,984867;281,66333
22-01-2021;16,252501;43,571533;282,213318
25-01-2021;19,1975;43,832108;293,600006
26-01-2021;36,994999;44,290394;294,363342
27-01-2021;86,877502;43,607471;288,053345
28-01-2021;48,400002;44,164585;278,476654
29-01-2021;81,25;43,266014;264,51001
01-02-2021;56,25;43,562546;279,936676
02-02-2021;22,5;43,993851;290,929993
03-02-2021;23,102501;43,823124;284,896667
04-02-2021;13,375;44,038784;283,329987
05-02-2021;15,9425;44,613861;284,07666
08-02-2021;15;44,85648;287,806671
09-02-2021;12,5775;44,658794;283,15332
10-02-2021;12,8;44,568935;268,273346
11-02-2021;12,775;45,197929;270,553345
12-02-2021;13,1;45,548374;272,040009
16-02-2021;12,3775;45,170975;265,406677
17-02-2021;11,485;45,04517;266,049988
18-02-2021;10,1725;45,62027;262,459991
19-02-2021;10,1475;45,027206;260,433319
22-02-2021;11,5;45,494457;238,166672
23-02-2021;11,2425;45,413593;232,946671
24-02-2021;22,9275;45,566353;247,339996
25-02-2021;27,182501;45,081116;227,406662
26-02-2021;25,434999;44,020813;225,166672
01-03-2021;30,1;44,838512;239,476669
02-03-2021;29,545;45,018219;228,813339
03-03-2021;31,045;44,910393;217,733337
04-03-2021;33,087502;44,874447;207,146667
05-03-2021;34,435001;45,638226;199,316666
08-03-2021;48,625;46,40202;187,666672
09-03-2021;61,724998;45,701134;224,526672
10-03-2021;66,25;46,222294;222,686661
11-03-2021;65;45,719101;233,199997
12-03-2021;66,125;45,628494;231,243332
15-03-2021;55,035;46,235546;235,979996
16-03-2021;52,0425;46,407703;225,626663
17-03-2021;52,452499;46,425827;233,936661
18-03-2021;50,4375;45,818764;217,720001
19-03-2021;50,067501;46,036224;218,289993
22-03-2021;48,622501;46,208363;223,333328
23-03-2021;45,4375;46,561718;220,720001
24-03-2021;30,084999;46,67952;210,089996
25-03-2021;45,9375;47,132534;213,463333
26-03-2021;45,25;48,056698;206,236664
29-03-2021;45,325001;48,7906;203,763336
30-03-2021;48,615002;48,156376;211,873337
31-03-2021;47,455002;47,75771;222,643326
01-04-2021;47,862499;47,5765;220,583328
05-04-2021;46,737499;47,848312;230,350006
06-04-2021;46,125;48,192608;230,539993
07-04-2021;44,4925;48,274151;223,656662
08-04-2021;42,564999;48,129185;227,933334
09-04-2021;39,59;48,18354;225,67334
12-04-2021;35,272499;48,337574;233,993332
13-04-2021;35,247501;48,102005;254,106674
14-04-2021;41,6325;48,092945;244,07666
15-04-2021;39,110001;48,319454;246,28334
16-04-2021;38,672501;48,636574;246,593338
19-04-2021;41,092499;48,926506;238,210007
20-04-2021;39,6325;49,08054;239,66333
21-04-2021;39,627499;49,479195;248,039993
22-04-2021;37,7925;49,325169;239,896667
23-04-2021;37,794998;49,352345;243,133331
26-04-2021;42,232498;48,618446;246,066666
27-04-2021;44,442501;48,545971;234,91333
28-04-2021;44,645;48,555031;231,46666
29-04-2021;44,047501;49,162083;225,666672
30-04-2021;43,397499;48,908382;236,479996
03-05-2021;40,549999;49,361408;228,300003
04-05-2021;40,182499;49,053356;224,53334
05-05-2021;39,869999;48,926506;223,646667
06-05-2021;40,252499;49,415771;221,179993
07-05-2021;40,2775;49,388588;224,123337
10-05-2021;35,805;49,751003;209,679993
11-05-2021;36,73;49,216446;205,733337
12-05-2021;36,197498;48,962753;196,630005
13-05-2021;41,125;49,388588;190,563339
14-05-2021;39,98;49,587929;196,580002
17-05-2021;45,150002;49,506378;192,276672
18-05-2021;45,1675;49,234562;192,623337
19-05-2021;42,2075;49,08054;187,820007
20-05-2021;42,622501;49,515438;195,593338
21-05-2021;44,197498;49,488258;193,626663
24-05-2021;45,002499;49,651344;202,146667
25-05-2021;52,357498;49,642284;201,563339
26-05-2021;60,639999;49,85973;206,376663
27-05-2021;63,532501;50,276516;210,28334
28-05-2021;55,5;50,095314;208,406662
01-06-2021;62,255001;50,086246;207,96666
02-06-2021;70,559998;50,285568;201,706665
03-06-2021;64,544998;50,412422;190,946671
04-06-2021;62,09;50,956055;199,683334
07-06-2021;70,002502;50,774841;201,710007
08-06-2021;75;50,421482;201,196671
09-06-2021;75,639999;50,267452;199,593338
10-06-2021;55,0975;50,657055;203,373337
11-06-2021;58,334999;50,883568;203,296661
14-06-2021;57,360001;50,710117;205,896667
15-06-2021;55,625;50,582314;199,786667
16-06-2021;55,7425;49,906796;201,623337
17-06-2021;55,897499;50,162403;205,53334
18-06-2021;53,455002;49,085213;207,770004
21-06-2021;50,092499;49,623802;206,943329
22-06-2021;55,099998;49,806381;207,903336
23-06-2021;54,834999;49,404713;218,856674
24-06-2021;53,077499;49,651188;226,606674
25-06-2021;52,377499;49,587288;223,956665
28-06-2021;53,3125;49,532516;229,573334
29-06-2021;52,720001;49,167374;226,919998
30-06-2021;53,535;49,395584;226,566666
01-07-2021;51,09;49,258652;225,973328
02-07-2021;50,7075;49,459492;226,300003
06-07-2021;49,889999;49,185619;219,860001
07-07-2021;47,665001;49,587288;214,883331
08-07-2021;47,845001;49,413849;217,603333
09-07-2021;47,807499;49,715084;218,983337
12-07-2021;47,3125;49,733349;228,566666
13-07-2021;45,014999;50,226295;222,846664
14-07-2021;41,904999;51,358257;217,793335
15-07-2021;41,705002;51,522575;216,866669
16-07-2021;42,259998;51,486069;214,740005
19-07-2021;43,372501;50,874432;215,406662
20-07-2021;47,794998;50,965725;220,166672
21-07-2021;46,452499;51,622993;218,429993
22-07-2021;44,712502;51,549965;216,419998
23-07-2021;45,09;52,042919;214,460007
26-07-2021;45,985001;52,088562;219,206665
27-07-2021;44,634998;52,271137;214,926666
28-07-2021;42,279999;51,796444;215,660004
29-07-2021;41,215;52,079433;225,78334
30-07-2021;40,279999;52,061172;229,066666
02-08-2021;39,412498;51,924248;236,556671
03-08-2021;38,1875;51,960754;236,580002
04-08-2021;36,700001;51,212204;236,973328
05-08-2021;38,360001;51,577354;238,210007
06-08-2021;37,942501;51,705151;233,03334
09-08-2021;40,282501;51,714279;237,919998
10-08-2021;39,762501;51,851215;236,66333
11-08-2021;39,695;51,787319;235,940002
12-08-2021;40,587502;51,887733;240,75
13-08-2021;40,630001;52,243755;239,056671
16-08-2021;40,982498;52,471966;228,723328
17-08-2021;40,887501;52,289398;221,903336
18-08-2021;39,262501;51,577354;229,66333
19-08-2021;38,224998;51,905987;224,490005
20-08-2021;39,825001;51,705151;226,753326
23-08-2021;41,2225;51,522575;235,433334
24-08-2021;52,572498;51,130043;236,16333
25-08-2021;49,912498;51,184811;237,066666
26-08-2021;51,305;50,700993;233,720001
27-08-2021;51,237499;50,801411;237,306671
30-08-2021;52,299999;51,285233;243,636673
31-08-2021;54,560001;51,403912;245,240005
01-09-2021;53,2425;51,75079;244,696671
02-09-2021;53,380001;51,823826;244,130005
03-09-2021;50,6875;51,787319;244,523331
07-09-2021;49,75;50,819672;250,973328
08-09-2021;49,700001;51,504326;251,289993
09-09-2021;49,794998;50,993111;251,619995
10-09-2021;47,602501;50,7649;245,42334
13-09-2021;50,849998;51,184811;247,666672
14-09-2021;49,810001;51,221607;248,16333
15-09-2021;51,130001;51,396366;251,943329
16-09-2021;51,592499;50,908882;252,330002
17-09-2021;51,2425;50,071899;253,16333
20-09-2021;48,049999;49,722393;243,389999
21-09-2021;47,487499;49,713192;246,460007
22-09-2021;47,535;49,786777;250,646667
23-09-2021;47,810001;49,704002;251,213333
24-09-2021;46,290001;49,566029;258,130005
27-09-2021;47,369999;49,308498;263,786682
28-09-2021;44,650002;48,416325;259,186676
29-09-2021;43,98;48,710651;260,436676
30-09-2021;43,8675;48,259972;258,493347
01-10-2021;44,227501;48,765846;258,406677
04-10-2021;42,84;48,738251;260,51001
05-10-2021;43,044998;48,821022;260,196655
06-10-2021;42,767502;49,400475;260,916656
07-10-2021;43,029999;49,556843;264,536682
08-10-2021;43,169998;49,77758;261,829987
11-10-2021;44,525002;49,878754;263,980011
12-10-2021;43,955002;49,878754;268,573334
13-10-2021;46,014999;49,887947;270,359985
14-10-2021;45,9575;50,228264;272,773346
15-10-2021;45,82;50,1087;281,01001
18-10-2021;46,505001;49,612019;290,036682
19-10-2021;46,697498;49,805172;288,089996
20-10-2021;46,130001;50,246658;288,600006
21-10-2021;45,427502;49,98912;298
22-10-2021;42,450001;50,0811;303,226654
25-10-2021;43,4925;49,878754;341,619995
26-10-2021;44,459999;50,099495;339,476654
27-10-2021;43,377499;51,065254;345,953339
28-10-2021;45,712502;51,543526;359,013336
29-10-2021;45,877499;51,847042;371,333344
01-11-2021;50,022499;51,663094;402,863342
02-11-2021;51,747501;51,598705;390,666656
03-11-2021;54,5825;51,773468;404,619995
04-11-2021;54,459999;52,058586;409,970001
05-11-2021;53,3125;52,279335;407,363342
08-11-2021;54,66;51,810253;387,646667
09-11-2021;51,650002;51,957417;341,166656
10-11-2021;49,797501;52,168964;355,983337
11-11-2021;51,080002;52,187363;354,503326
12-11-2021;50,525002;52,067791;344,473328
15-11-2021;52,285;52,076988;337,796661
16-11-2021;51,794998;51,709084;351,57666
17-11-2021;52,5;51,423958;363,003326
18-11-2021;52,529999;50,964077;365,459991
19-11-2021;57,200001;50,706543;379,019989
22-11-2021;61,887501;51,019257;385,623322
23-11-2021;53,474998;51,396366;369,676666
24-11-2021;52,945;50,982464;372
26-11-2021;49,93;49,418877;360,640015
29-11-2021;50,502499;50,200668;378,996674
30-11-2021;49,052502;48,615685;381,58667
01-12-2021;44,959999;48,476639;365
02-12-2021;45,389999;49,190361;361,533325
03-12-2021;43,0975;49,625996;338,323334
06-12-2021;41,779999;50,895844;336,33667
07-12-2021;44,452499;51,173908;350,583344
08-12-2021;43,412498;50,979263;356,320007
09-12-2021;38,939999;50,849495;334,600006
10-12-2021;39,752499;52,165684;339,01001
13-12-2021;34,220001;53,537502;322,136658
14-12-2021;36,922501;53,574566;319,503326
15-12-2021;37,147499;53,815563;325,329987
16-12-2021;36,147499;54,362431;308,973328
17-12-2021;38,91;53,509686;310,856659
20-12-2021;39,285;53,333576;299,980011
21-12-2021;39,529999;53,546761;312,843323
22-12-2021;38,5;53,926792;336,290009
23-12-2021;38,035;53,963871;355,666656
27-12-2021;37,077499;54,362431;364,646667
28-12-2021;36,615002;54,575619;362,823334
29-12-2021;38,482498;54,640503;362,063324
30-12-2021;38,8325;54,482925;356,779999
31-12-2021;37,0975;54,881493;352,26001
03-01-2022;38,209999;54,964912;399,926666
04-01-2022;37,227501;55,882545;383,196655
05-01-2022;32,342499;56,345989;362,706665
06-01-2022;32,7575;56,049381;354,899994
07-01-2022;35,154999;55,919624;342,320007
10-01-2022;32,787498;56,01231;352,706665
11-01-2022;32,575001;56,030846;354,799988
12-01-2022;32,014999;56,114265;368,73999
13-01-2022;30,620001;56,447945;343,853333
14-01-2022;29,1625;56,902126;349,869995
18-01-2022;27,227501;56,447945;343,503326
19-01-2022;26,6425;56,540634;331,883331
20-01-2022;25,6675;56,308918;332,089996
21-01-2022;26,59;56,030846;314,633331
24-01-2022;25,0375;55,576664;310
25-01-2022;24,9475;55,446899;306,133331
26-01-2022;25,815001;55,242985;312,470001
27-01-2022;23,379999;55,289326;276,366669
28-01-2022;24,477501;56,392334;282,116669
31-01-2022;27,2325;56,549908;312,23999
01-02-2022;28,15;56,132801;310,416656
02-02-2022;25,01;56,707474;301,886658
03-02-2022;24,807501;57,106037;297,046661
04-02-2022;25,584999;56,503563;307,773346
07-02-2022;25,584999;57,096771;302,446655
08-02-2022;28,9;57,467529;307,333344
09-02-2022;31,0725;56,577709;310,666656
10-02-2022;30,6175;56,892853;301,516663
11-02-2022;31,0625;55,882545;286,666656
14-02-2022;29,272499;56,244026;291,920013
15-02-2022;31,540001;56,457218;307,476654
16-02-2022;32,0825;56,447945;307,796661
17-02-2022;30,852501;57,578766;292,116669
18-02-2022;30,3825;57,968056;285,660004
22-02-2022;29,514999;57,727058;273,843323
23-02-2022;28,717501;57,087494;254,679993
24-02-2022;31,145;56,08646;266,92334
25-02-2022;29,645;58,25539;269,956665
28-02-2022;30,834999;57,689995;290,143341
01-03-2022;29,754999;57,439724;288,123322
02-03-2022;30,4925;57,8661;293,296661
03-03-2022;29,602501;57,903172;279,763336
04-03-2022;27,915001;57,995861;279,429993
07-03-2022;24,8375;56,614792;268,193329
08-03-2022;25,752501;54,3717;274,799988
09-03-2022;26,3025;54,649773;286,323334
10-03-2022;25,139999;53,648724;279,433319
11-03-2022;23,172501;53,685795;265,116669
14-03-2022;19,5275;54,675827;255,456665
15-03-2022;20,66;55,684536;267,296661
16-03-2022;21,715;55,535103;280,07666
17-03-2022;21,924999;56,123512;290,533325
18-03-2022;22,6975;56,132854;301,796661
21-03-2022;23,549999;56,581169;307,053345
22-03-2022;30,785;56,786644;331,32666
23-03-2022;35,25;56,413048;333,036682
24-03-2022;35,5975;56,954769;337,973328
25-03-2022;37,987499;57,468456;336,880005
28-03-2022;47,397499;57,83271;363,946655
29-03-2022;44,974998;58,056877;366,523346
30-03-2022;41,712502;58,103573;364,66333
31-03-2022;41,645;57,907433;359,200012
01-04-2022;41,25;58,720009;361,529999
04-04-2022;42,682499;58,411793;381,816681
05-04-2022;38,397499;58,346413;363,753326
06-04-2022;39,16;58,93483;348,58667
07-04-2022;37,5;59,25238;352,420013
08-04-2022;36,547501;59,616642;341,829987
11-04-2022;36,732498;59,597958;325,309998
12-04-2022;36,217499;60,298454;328,983337
13-04-2022;37,674999;60,457233;340,790009
14-04-2022;37,692501;60,728085;328,333344
18-04-2022;35,365002;60,186375;334,763336
19-04-2022;38,1175;60,774792;342,716675
20-04-2022;37,212502;61,606045;325,733337
21-04-2022;35,389999;61,839539;336,26001
22-04-2022;34,555;60,942905;335,016663
25-04-2022;33,987499;61,587368;332,67334
26-04-2022;31,9;60,756107;292,140015
27-04-2022;32,459999;61,232449;293,83667
28-04-2022;32,327499;61,820862;292,503326
29-04-2022;31,2675;60,345146;290,253326
02-05-2022;29,8925;59,25238;300,980011
03-05-2022;30,1075;58,916149;303,083344
04-05-2022;31,77;60,737427;317,540009
05-05-2022;29,782499;60,251755;291,093323
06-05-2022;28,674999;60,466568;288,549988
09-05-2022;24,6975;60,345146;262,369995
10-05-2022;23,375;59,784756;266,679993
11-05-2022;20,3325;60,064953;244,666672
12-05-2022;22,3925;60,251755;242,666672
13-05-2022;24,5975;61,381886;256,529999
16-05-2022;22,950001;61,606045;241,456665
17-05-2022;25,094999;61,43792;253,869995
18-05-2022;22,870001;57,160248;236,603333
19-05-2022;24,797501;56,039452;236,473328
20-05-2022;23,915001;56,954769;221,300003
23-05-2022;24,032499;58,71067;224,96666
24-05-2022;22,2875;59,794094;209,386673
25-05-2022;28,7925;59,840797;219,600006
26-05-2022;32,115002;60,055618;235,910004
27-05-2022;34,302502;60,410538;253,210007
31-05-2022;31,184999;59,196346;252,753326
01-06-2022;30,35;58,906807;246,789993
02-06-2022;33,5;59,523239;258,333344
03-06-2022;33,424999;58,813412;234,516663
06-06-2022;32,025002;58,720009;238,279999
07-06-2022;36,625;59,074924;238,886673
08-06-2022;34,682499;58,738686;241,866669
09-06-2022;32,244999;57,720634;239,706665
10-06-2022;32,272499;57,35638;232,229996
13-06-2022;29,5625;57,291004;215,736664
14-06-2022;31,5425;55,719971;220,889999
15-06-2022;32,322498;56,133896;233
16-06-2022;31,432501;55,56945;213,100006
17-06-2022;33,785;55,908115;216,759995
21-06-2022;35,07;57,102856;237,036667
22-06-2022;34,615002;57,526188;236,08667
23-06-2022;35,505001;58,212925;235,070007
24-06-2022;33,802502;59,304184;245,706665
27-06-2022;32,422501;59,181881;244,919998
28-06-2022;31,094999;58,589222;232,66333
29-06-2022;30,715;59,01255;228,490005
30-06-2022;30,575001;59,181881;224,473328
01-07-2022;30,855;60,56477;227,263336
05-07-2022;30,057501;59,529961;233,066666
06-07-2022;29,3575;59,65226;231,733337
07-07-2022;33,779999;59,181881;244,543335
08-07-2022;32,134998;59,398254;250,763336
11-07-2022;32,522499;59,210114;234,343338
12-07-2022;34,279999;58,956108;233,070007
13-07-2022;35,32;58,683296;237,039993
14-07-2022;34,049999;58,495148;238,313339
15-07-2022;35,41;58,796188;240,066666
18-07-2022;36,66;57,996555;240,546661
19-07-2022;37,924999;58,824406;245,529999
20-07-2022;39,6875;57,855446;247,5
21-07-2022;38,3675;57,723736;271,706665
22-07-2022;35,779999;57,940109;272,243347
25-07-2022;33,98;58,504551;268,433319
26-07-2022;32,43;59,464111;258,859985
27-07-2022;33,779999;59,275955;274,820007
28-07-2022;33,84;60,263737;280,899994
29-07-2022;34,009998;60,367222;297,149994
01-08-2022;34,779999;60,696468;297,276672
02-08-2022;35,84;59,868626;300,58667
03-08-2022;37,93;60,132027;307,396667
04-08-2022;38,360001;59,896847;308,633331
05-08-2022;40,02;59,624031;288,170013
08-08-2022;43,450001;59,238331;290,42334
09-08-2022;40,369999;59,313591;283,333344
10-08-2022;40,529999;59,878036;294,356659
11-08-2022;39,450001;59,473515;286,630005
12-08-2022;40,740002;59,925072;300,029999
15-08-2022;39,68;60,677658;309,320007
16-08-2022;42,189999;61,176258;306,563324
17-08-2022;40,52;61,035137;303,996674
18-08-2022;37,93;61,355;302,869995
19-08-2022;36,490002;61,307953;296,666656
22-08-2022;34,5;60,395435;289,91333
23-08-2022;33,529999;60,461292;296,453339
24-08-2022;32,5;60,545956;297,09668
25-08-2022;31,959999;60,837589;296,070007
26-08-2022;30,940001;59,370033;288,089996
29-08-2022;31,549999;59,01255;284,820007
30-08-2022;29,84;58,466927;277,700012
31-08-2022;28,639999;58,053001;275,609985
01-09-2022;27,629999;58,325821;277,160004
02-09-2022;27,360001;57,526188;270,209991
06-09-2022;25,139999;57,554413;274,420013
07-09-2022;24,040001;58,617447;283,700012
08-09-2022;25,83;58,438705;289,26001
09-09-2022;28,92;58,62685;299,679993
12-09-2022;29,24;58,796188;304,420013
13-09-2022;27,85;56,886486;292,130005
14-09-2022;28,129999;57,187523;302,609985
15-09-2022;28,610001;56,410488;303,75
16-09-2022;28,639999;56,419968;303,350006
19-09-2022;28,959999;56,846394;309,070007
20-09-2022;27,540001;56,761101;308,730011
21-09-2022;26,860001;56,287312;300,799988
22-09-2022;24,700001;56,15464;288,589996
23-09-2022;25,040001;55,529217;275,329987
26-09-2022;24,48;54,837475;276,01001
27-09-2022;26,129999;53,425556;282,940002
28-09-2022;27,309999;53,99411;287,809998
29-09-2022;25,459999;53,605602;268,209991
30-09-2022;25,129999;53,084423;265,25
03-10-2022;25,379999;53,681408;242,399994
04-10-2022;27,6;53,804596;249,440002
05-10-2022;26,389999;53,292896;240,809998
06-10-2022;25,99;52,146294;238,130005
07-10-2022;25,35;51,653549;223,070007
10-10-2022;25;51,539841;222,960007
11-10-2022;25,27;51,625118;216,5
12-10-2022;25,360001;52,25053;217,240005
13-10-2022;25,559999;52,94228;221,720001
14-10-2022;24,629999;52,098923;204,990005
17-10-2022;25,959999;52,771713;219,350006
18-10-2022;26,67;53,482414;220,190002
19-10-2022;24,540001;53,027565;222,039993
20-10-2022;24,41;52,193684;207,279999
21-10-2022;25,299999;53,027565;214,440002
24-10-2022;24,709999;54,553196;211,25
25-10-2022;26,870001;55,860886;222,419998
26-10-2022;25,42;56,277828;224,639999
27-10-2022;25,93;56,410488;225,089996
28-10-2022;28,17;57,576035;228,520004
31-10-2022;28,309999;56,713718;227,539993
01-11-2022;28,389999;56,514725;227,820007
02-11-2022;26,620001;55,728226;214,979996
03-11-2022;26,290001;55,699791;215,309998
04-11-2022;26,51;56,15464;207,470001
07-11-2022;25,76;56,372593;197,080002
08-11-2022;25,139999;56,476818;191,300003
09-11-2022;23,110001;55,690315;177,589996
10-11-2022;24,879999;57,689743;190,720001
11-11-2022;26,1;58,106686;195,970001
14-11-2022;26,049999;57,547607;190,949997
15-11-2022;27,59;57,45285;194,419998
16-11-2022;27,139999;57,348614;186,919998
17-11-2022;27,76;57,52866;183,169998
18-11-2022;27,6;57,936119;180,190002
21-11-2022;25,16;58,826862;167,869995
22-11-2022;26,299999;59,082714;169,910004
23-11-2022;26,700001;59,348045;183,199997
25-11-2022;26,17;59,404896;182,860001
28-11-2022;25,290001;59,414371;182,919998
29-11-2022;25,6;59,205902;180,830002
30-11-2022;26,209999;60,704178;194,699997
01-12-2022;26,6;60,875961;194,699997
02-12-2022;27,52;61,410378;194,860001
05-12-2022;25,559999;60,570576;182,449997
06-12-2022;23,389999;60,541943;179,820007
07-12-2022;22,26;60,637383;174,039993
08-12-2022;24,790001;60,895046;173,440002
09-12-2022;22,629999;60,25565;179,050003
12-12-2022;22,67;61,047737;167,820007
13-12-2022;21;61,066822;160,949997
14-12-2022;21,049999;61,066822;156,800003
15-12-2022;20,58;60,22702;157,669998
16-12-2022;20,799999;59,883465;150,229996
19-12-2022;19,92;59,969357;149,869995
20-12-2022;20,26;59,921642;137,800003
21-12-2022;20,559999;60,885502;137,570007
22-12-2022;19,809999;60,446518;125,349998
23-12-2022;20,08;60,904583;123,150002
27-12-2022;18,200001;61,276768;109,099998
28-12-2022;17,92;60,666008;112,709999
29-12-2022;18,33;61,028652;121,82
30-12-2022;18,459999;60,704178;123,18
03-01-2023;17,200001;60,074333;108,099998
04-01-2023;17,32;60,0457;113,639999
05-01-2023;16,219999;59,358593;110,339996
06-01-2023;16,459999;60,50378;113,059998
09-01-2023;16,379999;59,749863;119,769997
10-01-2023;17,77;59,291786;118,849998
11-01-2023;19,040001;59,177269;123,220001
12-01-2023;20,629999;58,413818;123,559998
13-01-2023;20,49;58,623764;122,400002
17-01-2023;21,799999;58,86235;131,490005
18-01-2023;20,790001;57,077774;128,779999
19-01-2023;19,040001;56,991882;127,169998
20-01-2023;19,610001;57,335442;133,419998
23-01-2023;21,66;57,478584;143,75
24-01-2023;21,4;57,783966;143,889999
25-01-2023;20,23;58,14661;144,429993
26-01-2023;20,01;58,032089;160,270004
27-01-2023;22,82;57,726707;177,899994
30-01-2023;21,25;57,869858;166,660004
31-01-2023;21,870001;58,518795;173,220001
01-02-2023;21,83;58,528339;181,410004
02-02-2023;22,700001;57,526302;188,270004
03-02-2023;22,25;57,096863;189,979996
06-02-2023;23,860001;57,421326;194,759995
07-02-2023;21,219999;57,325893;196,809998
08-02-2023;21,1;56,991882;201,289993
09-02-2023;19,67;56,89645;207,320007
10-02-2023;19,27;56,89645;196,889999
13-02-2023;19,690001;57,831684;194,639999
14-02-2023;19,870001;56,867825;209,25
15-02-2023;21,799999;56,867825;214,240005
16-02-2023;21,6;56,514725;202,039993
17-02-2023;21,99;57,373608;208,309998
21-02-2023;20,66;57,068226;197,369995
22-02-2023;20,52;57,240005;200,860001
23-02-2023;20,139999;57,344982;202,070007
24-02-2023;19,540001;57,106407;196,880005
27-02-2023;19,1;57,087318;207,630005
28-02-2023;19,23;56,791477;205,710007
01-03-2023;18,15;56,171169;202,770004
02-03-2023;18,190001;56,991882;190,899994
03-03-2023;18,700001;56,724674;197,789993
06-03-2023;18,65;57,602646;193,809998
07-03-2023;18,059999;57,268631;187,710007
08-03-2023;18,17;57,297268;182
09-03-2023;17,52;56,743767;172,919998
10-03-2023;17,25;56,50518;173,440002
13-03-2023;16,75;57,077774;174,479996
14-03-2023;16,91;57,287724;183,259995
15-03-2023;15,95;57,669449;180,449997
16-03-2023;16,76;57,986786;184,130005
17-03-2023;16,6;57,717533;180,130005
20-03-2023;16,870001;58,27528;183,25
21-03-2023;17,65;58,006023;197,580002
22-03-2023;23,870001;57,74638;191,149994
23-03-2023;22,58;57,621365;192,220001
24-03-2023;23,98;58,563774;190,410004
27-03-2023;23;58,99651;191,809998
28-03-2023;23,15;59,06382;189,190002
29-03-2023;22,459999;59,486942;193,880005
30-03-2023;22,5;59,477333;195,279999
31-03-2023;23,02;59,650425;207,460007
03-04-2023;23,17;60,006229;194,770004
04-04-2023;22,35;59,823517;192,580002
05-04-2023;22,07;60,390884;185,520004
06-04-2023;22,4;60,429352;185,059998
10-04-2023;22,370001;60,285103;184,509995
11-04-2023;22,690001;60,179329;186,789993
12-04-2023;22,26;60,285103;180,539993
13-04-2023;22,549999;60,727467;185,899994
14-04-2023;22,459999;60,63129;185
17-04-2023;22,280001;61,025566;187,039993
18-04-2023;21,610001;61,121731;184,309998
19-04-2023;21,309999;61,237129;180,589996
20-04-2023;20,219999;61,50639;162,990005
21-04-2023;20,49;61,592934;165,080002
24-04-2023;19,93;61,496773;162,550003
25-04-2023;19;61,400608;160,669998
26-04-2023;18,65;61,11211;153,75
27-04-2023;18,940001;61,237129;160,190002
28-04-2023;19,290001;61,689095;164,309998
01-05-2023;18,549999;61,833344;161,830002
02-05-2023;18,58;61,55447;160,309998
03-05-2023;18,9;61,208282;160,610001
04-05-2023;19,35;61,275593;161,199997
05-05-2023;20,42;61,564083;170,059998
08-05-2023;20,51;61,467918;171,789993
09-05-2023;20,24;60,958252;169,149994
10-05-2023;20,76;61,06403;168,539993
11-05-2023;20,879999;61,410221;172,080002
12-05-2023;20,690001;61,650635;167,979996
15-05-2023;21,620001;61,487148;166,350006
16-05-2023;21,99;60,794773;166,520004
17-05-2023;22,870001;60,727467;173,860001
18-05-2023;23,049999;60,390884;176,889999
19-05-2023;22,059999;60,419739;180,139999
22-05-2023;24,209999;59,150372;188,869995
23-05-2023;23,16;59,044594;185,770004
24-05-2023;23,27;58,54454;182,899994
25-05-2023;23,35;58,092571;184,470001
26-05-2023;23,25;57,948326;193,169998
30-05-2023;24,57;57,486736;201,160004
31-05-2023;24,049999;57,371338;203,929993
01-06-2023;24,1;57,698303;207,520004
02-06-2023;24,639999;58,813797;213,970001
05-06-2023;24,309999;58,419525;217,610001
06-06-2023;24,690001;57,996407;221,309998
07-06-2023;26,110001;57,909859;224,570007
08-06-2023;21,440001;58,054104;234,860001
09-06-2023;22,68;58,150269;244,399994
12-06-2023;24,299999;57,900246;249,830002
13-06-2023;26,950001;58,131035;258,709991
14-06-2023;25,700001;58,525307;256,790009
15-06-2023;24,84;59,329548;255,899994
16-06-2023;24,559999;59,755894;260,540009
20-06-2023;24,58;59,358612;274,450012
21-06-2023;24,43;59,523338;259,459991
22-06-2023;24,32;59,930305;264,609985
23-06-2023;23,700001;59,30048;256,600006
26-06-2023;23,02;59,319859;241,050003
27-06-2023;23,58;59,193897;250,210007
28-06-2023;24,98;58,641586;256,23999
29-06-2023;24,9;58,157101;257,5
30-06-2023;24,25;58,350899;261,769989
03-07-2023;24,91;58,699722;279,820007
05-07-2023;23,9;59,135757;282,480011
06-07-2023;22,83;58,680344;276,540009
07-07-2023;22,709999;57,90517;274,429993
10-07-2023;23,540001;57,469139;269,609985
11-07-2023;23,91;57,672619;269,790009
12-07-2023;23,440001;57,982693;271,98999
13-07-2023;23,459999;58,476856;277,899994
14-07-2023;22,969999;59,009792;281,380005
17-07-2023;22,82;58,922585;290,380005
18-07-2023;23,08;58,690029;293,339996
19-07-2023;23,17;59,726814;291,26001
20-07-2023;22,91;60,453541;262,899994
21-07-2023;22,18;60,501987;260,019989
24-07-2023;23,040001;60,52137;269,059998
25-07-2023;22,85;60,317886;265,279999
26-07-2023;22,700001;61,093052;264,350006
27-07-2023;22,219999;60,501987;255,710007
28-07-2023;21,93;60,540749;266,440002
31-07-2023;22,200001;60,00782;267,429993
01-08-2023;21,5;59,852783;261,070007
02-08-2023;20,83;60,036888;254,110001
03-08-2023;20,93;59,726814;259,320007
04-08-2023;20,98;58,825687;253,860001
07-08-2023;21,07;59,290787;251,449997
08-08-2023;20,74;59,029171;249,699997
09-08-2023;19,93;59,164825;242,190002
10-08-2023;20,190001;59,029171;245,339996
11-08-2023;20,190001;59,271408;242,649994
14-08-2023;19,959999;58,990406;239,759995
15-08-2023;19,33;58,59314;232,960007
16-08-2023;18,59;58,602825;225,600006
17-08-2023;18,379999;58,728794;219,220001
18-08-2023;18,360001;59,058239;215,490005
21-08-2023;18,48;58,554379;231,279999
22-08-2023;17,26;58,195866;233,190002
23-08-2023;16,889999;58,399342;236,860001
24-08-2023;16,360001;58,244312;230,039993
25-08-2023;17,129999;58,515617;238,589996
28-08-2023;17,57;58,680344;238,820007
29-08-2023;18,24;58,622204;257,179993
30-08-2023;18,370001;58,59314;256,899994
31-08-2023;18,549999;57,973003;258,079987
01-09-2023;18,42;57,469139;245,009995
05-09-2023;19,23;56,994347;256,48999
06-09-2023;18,75;56,955589;251,919998
07-09-2023;18,889999;56,519558;251,490005
08-09-2023;17,709999;56,519558;248,5
11-09-2023;17,02;57,05249;273,579987
12-09-2023;17,23;56,49049;267,480011
13-09-2023;17,809999;56,626141;271,299988
14-09-2023;18,33;57,094933;276,040009
15-09-2023;18,219999;56,587078;274,390015
18-09-2023;17,549999;56,938671;265,279999
19-09-2023;17,52;56,821472;266,5
20-09-2023;17,52;57,075401;262,589996
21-09-2023;17,02;56,196415;255,699997
22-09-2023;17,18;56,255016;244,880005
25-09-2023;17,67;55,669025;246,990005
26-09-2023;16,780001;55,209995;244,119995
27-09-2023;17,15;54,643547;240,5
28-09-2023;16,84;54,506813;246,380005
29-09-2023;16,459999;54,672848;250,220001
02-10-2023;15,39;54,184521;251,600006
03-10-2023;14,6;53,59853;246,529999
04-10-2023;14,87;53,754795;261,160004
05-10-2023;14,71;51,15691;260,049988
06-10-2023;15,08;51,899158;260,529999
09-10-2023;15,4;51,645229;259,670013
10-10-2023;16;52,768379;263,619995
11-10-2023;15,82;52,455845;262,98999
12-10-2023;15,09;51,576866;258,869995
13-10-2023;14,92;51,654995;251,119995
16-10-2023;14,43;52,182388;253,919998
17-10-2023;14,12;52,807442;254,850006
18-10-2023;13,85;52,787907;242,679993
19-10-2023;13,16;53,080906;220,110001
20-10-2023;13,44;53,295769;211,990005
23-10-2023;13,44;52,817211;212,080002
24-10-2023;14,04;54,340782;216,520004
25-10-2023;13,71;54,809574;212,419998
26-10-2023;13,5;54,477509;205,759995
27-10-2023;13,12;53,950123;207,300003
30-10-2023;12,8;54,838875;197,360001
31-10-2023;13,77;55,170937;200,839996
01-11-2023;13,01;55,122101;205,660004
02-11-2023;13,64;55,756924;218,509995
03-11-2023;13,87;55,4151;219,960007
06-11-2023;13,53;55,639725;219,270004
07-11-2023;13,64;55,844826;222,179993
08-11-2023;13,28;55,756924;222,110001
09-11-2023;12,7;55,336964;209,979996
10-11-2023;12,54;55,395565;214,649994
13-11-2023;12,14;55,600662;223,710007
14-11-2023;12,9;55,766689;237,410004
15-11-2023;13,27;55,874123;242,839996
16-11-2023;12,53;55,815529;233,589996
17-11-2023;13,03;55,922951;234,300003
20-11-2023;12,8;56,059685;235,600006
21-11-2023;12,55;56,674976;241,199997
22-11-2023;12,29;57,05587;234,210007
24-11-2023;12,2;57,202366;235,449997
27-11-2023;11,91;57,094933;236,080002
28-11-2023;13,49;57,212135;246,720001
29-11-2023;16,25;56,870304;244,139999
30-11-2023;14,55;57,529869;240,080002
01-12-2023;15,3;57,726757;238,830002
04-12-2023;16,98;57,657845;235,580002
05-12-2023;14,91;57,746445;238,720001
06-12-2023;14,84;57,687378;239,369995
07-12-2023;16,360001;57,825203;242,639999
08-12-2023;15,55;57,697224;243,839996
11-12-2023;15,07;58,120525;239,740005
12-12-2023;15,22;58,494606;237,009995
13-12-2023;16,690001;58,996666;239,289993
14-12-2023;17,440001;58,120525;251,050003
15-12-2023;17,26;57,687378;253,5
18-12-2023;17,860001;58,100842;252,080002
19-12-2023;17,719999;57,913799;257,220001
20-12-2023;16,93;56,712799;247,139999
21-12-2023;16,98;57,086884;254,5
22-12-2023;16,969999;57,411739;252,539993
26-12-2023;17,360001;57,648003;256,609985
27-12-2023;18,370001;57,795662;261,440002
28-12-2023;18,07;57,835045;253,179993
29-12-2023;17,530001;58,012238;248,479996
02-01-2024;16,67;58,888378;248,419998
03-01-2024;16,690001;59,026196;238,449997
04-01-2024;16,360001;58,829311;237,929993
05-01-2024;15,96;58,740715;237,490005
08-01-2024;15,79;59,173866;240,449997
09-01-2024;15,16;59,065578;234,960007
10-01-2024;15,73;59,262463;233,940002
11-01-2024;15,25;58,878536;227,220001
12-01-2024;14,75;59,449501;218,889999
16-01-2024;13,98;59,055733;219,910004
17-01-2024;14,08;59,055733;215,550003
18-01-2024;14,29;59,223083;211,880005
19-01-2024;14,51;58,898228;212,190002
22-01-2024;14,9;58,642273;208,800003
23-01-2024;14,18;58,917908;209,139999
24-01-2024;13,95;57,992554;207,830002
25-01-2024;14,52;58,238659;182,630005
26-01-2024;14,49;58,445385;183,25
29-01-2024;14,78;58,799782;190,929993
30-01-2024;14,55;58,967133;191,589996
31-01-2024;14,23;58,563519;187,289993
01-02-2024;14,42;60,030315;188,860001
02-02-2024;14,73;59,597168;187,910004
05-02-2024;13,46;59,104954;181,059998
06-02-2024;14,1;59,006512;185,100006
07-02-2024;14,07;59,055733;187,580002
08-02-2024;14,35;58,898228;189,559998
09-02-2024;14,66;58,632431;193,570007
12-02-2024;14,73;58,770248;188,130005
13-02-2024;14,17;58,425697;184,020004
14-02-2024;14,41;58,366634;188,710007
15-02-2024;14,51;58,474922;200,449997
16-02-2024;14,12;58,465076;199,949997
20-02-2024;13,49;59,754677;193,759995
21-02-2024;13,41;60,286266;194,770004
22-02-2024;13,36;60,197666;197,410004
23-02-2024;13,51;60,246891;191,970001
26-02-2024;13,68;59,764519;199,399994
27-02-2024;14,21;59,40028;199,729996
28-02-2024;14,24;59,459347;202,039993
29-02-2024;14,27;59,085262;201,880005
01-03-2024;14,95;58,602894;202,639999
04-03-2024;15,22;58,878536;188,139999
05-03-2024;15;58,593048;180,740005
06-03-2024;15,26;58,622585;176,539993
07-03-2024;15,26;58,514297;178,649994
08-03-2024;14,65;58,593048;175,339996
11-03-2024;14,43;59,301838;177,770004
12-03-2024;14,72;59,557789;177,539993
13-03-2024;14,87;60,168133;169,479996
14-03-2024;14,63;60,034172;162,5
15-03-2024;14,24;59,418949;163,570007
18-03-2024;13,91;59,667023;173,800003
19-03-2024;13,41;59,766251;171,320007
20-03-2024;13,48;60,282249;175,660004
21-03-2024;13,66;60,004406;172,820007
22-03-2024;13,1;60,024254;170,830002
25-03-2024;15,12;59,934944;172,630005
26-03-2024;15,5;60,073868;177,669998
27-03-2024;13,17;60,560093;179,830002
28-03-2024;12,52;60,708939;175,789993
01-04-2024;11,99;60,212788;175,220001
02-04-2024;11,28;59,686871;166,630005
03-04-2024;11,38;59,369335;168,380005
04-04-2024;11,53;58,843414;171,110001
05-04-2024;11,25;59,051796;164,899994
08-04-2024;10,83;58,813644;172,979996
09-04-2024;11,01;59,260181;176,880005
10-04-2024;10,85;58,466339;171,759995
11-04-2024;11,29;58,595337;174,600006
12-04-2024;10,77;57,831264;171,050003
15-04-2024;10,06;57,692345;161,479996
16-04-2024;10,37;57,612961;157,110001
17-04-2024;10,3;58,059494;155,449997
18-04-2024;10,31;58,456417;149,929993
19-04-2024;10,42;59,706711;147,050003
22-04-2024;10,01;60,08379;142,050003
23-04-2024;10,16;60,173096;144,679993
24-04-2024;10,93;61,076088;162,130005
25-04-2024;11,21;61,264629;170,179993
26-04-2024;11,9;61,264629;168,289993
29-04-2024;11,29;61,562317;194,050003
30-04-2024;11,09;61,294395;183,279999
01-05-2024;10,91;61,453163;179,990005
02-05-2024;12,76;61,512703;180,009995
03-05-2024;16,469999;61,691315;181,190002
06-05-2024;16,309999;61,869926;184,759995
07-05-2024;16,309999;62,137848;177,809998
08-05-2024;15,92;62,366077;174,720001
09-05-2024;18,01;62,395851;171,970001
10-05-2024;17,459999;62,772923;168,470001
13-05-2024;30,450001;63,090462;171,889999
14-05-2024;48,75;62,614155;177,550003
15-05-2024;39,549999;62,643925;173,990005
16-05-2024;27,67;62,832462;174,839996
17-05-2024;22,209999;62,544693;177,460007
20-05-2024;23,139999;62,088234;174,949997
21-05-2024;22,120001;62,425617;186,600006
22-05-2024;21,120001;62,514923;180,110001
23-05-2024;18,32;61,611931;173,740005
24-05-2024;19;61,522625;179,240005
28-05-2024;23,780001;61,344009;176,75
29-05-2024;21,24;61,224934;176,190002
30-05-2024;22,610001;61,492855;178,789993
31-05-2024;23,139999;62,445465;178,080002
03-06-2024;28;62,445465;176,289993
04-06-2024;26,5;63,447685;174,770004
05-06-2024;31,57;63,427837;175
06-06-2024;46,549999;63,656071;177,940002
07-06-2024;28,219999;63,417919;177,479996
10-06-2024;24,83;63,100384;173,789993
11-06-2024;30,49;63,060688;170,660004
12-06-2024;25,459999;62,395851;177,289993
13-06-2024;29,120001;62,505005;182,470001
14-06-2024;28,700001;62,549999;178,009995
17-06-2024;25,219999;62,619999;187,440002
18-06-2024;24,700001;62,630001;184,860001
20-06-2024;25,59;62,18;181,570007
21-06-2024;23,93;62,77;183,009995
24-06-2024;23,65;63,970001;182,580002
25-06-2024;24,93;63,84;187,350006
26-06-2024;24,200001;64,050003;196,369995
27-06-2024;25,09;63,91;197,419998
28-06-2024;24,690001;63,650002;197,880005
01-07-2024;23,33;63,279999;209,860001
02-07-2024;23,98;63,150002;231,259995
03-07-2024;24,370001;63,330002;246,389999
05-07-2024;24,18;63,759998;251,520004
08-07-2024;24,450001;62,959999;252,940002
09-07-2024;24,6;62,689999;262,329987
10-07-2024;24,969999;62,830002;263,26001
11-07-2024;25,57;63,099998;241,029999
12-07-2024;26,049999;63,700001;248,229996
15-07-2024;27;63,41;252,639999
16-07-2024;28,540001;64,269997;256,559998
17-07-2024;27,98;65,209999;248,5
18-07-2024;25,879999;65,190002;249,229996
19-07-2024;24,969999;65,290001;239,199997
22-07-2024;25,219999;64,769997;251,509995
23-07-2024;25,5;64,959999;246,380005
24-07-2024;24,01;65,809998;215,990005
25-07-2024;23,950001;66,07;220,25
26-07-2024;24,129999;67,050003;219,800003
29-07-2024;23,6;66,830002;232,100006
30-07-2024;22,4;67,68;222,619995
31-07-2024;22,67;66,739998;232,070007
01-08-2024;21,709999;67,959999;216,860001
02-08-2024;21,07;69,330002;207,669998
05-08-2024;20,65;68,099998;198,880005
06-08-2024;21,280001;68,050003;200,639999
07-08-2024;20,83;68,459999;191,759995
08-08-2024;21,75;68,730003;198,839996
09-08-2024;21,93;68,68;200
12-08-2024;21,879999;68,169998;197,490005
13-08-2024;22,27;68,459999;207,830002
14-08-2024;21,99;68,580002;201,380005
15-08-2024;22,530001;68,650002;214,139999
16-08-2024;22,4;69,18;216,119995
